statistic,observed,ppc_low_90,ppc_median,ppc_high_90,ppc_tail_probability
range,10.078272383755168,6.317556326126683,10.355776221299553,16.160393371791304,0.9255
number_positive,7,3.0,6.0,9.0,0.7795
rank_of_christians,2,1.0,5.0,11.0,0.50425
