method,mean,sd,low,high
No pooling,-3.2968378918227694,3.0760217909627485,-9.325840602109757,2.7321648184642173
Partial pooling,-0.4778703314556916,1.801831807939213,-4.661512844988388,2.5373624655054727
Complete pooling,0.34713508666957854,0.865502044743006,-1.3492489210267131,2.04351909436587
